### Vital Signs Units of Measurement
# prEN ISO 11073-10101 (Nov 2003)
# ISO/IEEE 11073-10101:2004
# Health Informatics - Point-of-care medical device communications - Part 10101: Nomenclature
# p.62-75. Table A.6.3: Vital signs units of measurements
#
# CEN/TC251/PT40 2001
# File Exchange Format for Vital Signs - Annex A
#
# Copyright (C) 2005,2006,2008,2012,2016 Alois Schloegl <alois.schloegl@ist.ac.at>
# This file is part of the biosig project http://biosig.sf.net/
#
# In some cases, there are more than one text representation for a certain code.
# The text-to-binary conversion should accept all listed representations;
# the binary-to-text conversion should return the first representation.
#"Code (base code)","Symbol  (not normative)","Dimension","Unit of Measurement"
,,"Unspecified",
0,"?",,"<Unspecified>"
,,"Dimension- less",
512,"-",,"<dimensionless>"
544,"%",,"10-2 (percent)"
544,"percent",,"10-2 (percent)"
576,"ppht",,"10-3 (part(s) per thousand )"
608,"ppm",,"10-6 (part(s) per million )"
640,"ppmd",,"10-9 (part(s) per milliard)"
672,"ppb",,"10-12 (part(s) per billion )"
704,"ppt",,"10-18 (part(s) per trillion )"
736,"degree","- angles","angle degree"
768,"rad",,"angle radian"
800,"g g-1","- mass fraction","<magnitude> gram(s) per gram"
832,"g kg-1",,"<magnitude> gram(s) per kilogram"
864,"mol mol-1","- relative quantity","<magnitude> mole(s) per mole"
896,"l l-1","- volume fraction","<magnitude> litre(s) per litre"
928,"m m-3 ",,"cubic <magnitude> metre(s) per cubic metre"
960,"m cm-3",,"cubic <magnitude> metre(s) per cubic centimetre"
6240,"vol %",,"volume percent"
992,"pH","- special vital signs counts","pH"
1024,"drop",,"drop"
1056,"rbc",,"red blood cell(s)"
1088,"beat",,"beat"
1120,"breath",,"breath"
1152,"cell",,"cell"
1184,"cough",,"cough"
1216,"sigh",,"sigh"
1248,"%PCV",,"percent of packed cell volume"
,,"L (length)",
1280,"m [km, mm,etc.]",,"<magnitude> metre(s)"
1312,"yd",,"<magnitude> yard"
1344,"ft",,"<magnitude> foot"
1376,"in",,"<magnitude> inch"
,,"L (areic volume)",
1408,"lm-2",,"<magnitude> litre(s) per square metre"
,,"L-1 ",
1440,"m-1 [cm-1 , mm-1 ]",,"per <magnitude> metre"
,,"L2 (area)",
1472,"m2",,"square <magnitude> metre(s)"
1504,"in2",,"square <magnitude> inch"
,,"L-2",
1536,"m-2",,"per square <magnitude> metre"
,,"L3 (volume)",
1568,"m3 [cm3 , mm3 ]",,"cubic <magnitude> metre(s)"
1600,"l [ml]",,"<magnitude> litre(s)"
1632,"l breath-1",,"<magnitude> litre(s) per breath"
6112,"l beat-1",,"<magnitude> litre(s) per beat"
,,"L-3 ",
1664,"m-3 [cm-3 , mm-3 ]",,"per cubic <magnitude> metre"
1696,"l-1 [ml-1]",,"per <magnitude> litre"
,,"M (mass)",
1728,"g [kg, mg]",,"<magnitude> gram"
1760,"lb",,"<magnitude> pound"
1792,"oz",,"<magnitude> ounce"
,,"M-1",
1824,"g-1 [kg-1 , mg-1 ]",,"per  <magnitude> gram"
,,"ML",
1856,"g m [kg m]",,"<magnitude> gram metre"
,,"ML-1",
1888,"g m m-2  [kg m m-2]",,"<magnitude> gram(s) meter per square metre"
,,"ML2 (moment of inertia)",
1920,"kg m2",,"<magnitude> gram metre squared"
,,"ML-2",
1952,"kg m-2",,"kilogram(s) per square metre"
,,"ML-3 (concentration of mass)",
1984,"g m-3  [kg m-3]",,"<magnitude> gram(s) per cubic metre"
2016,"g cm-3",,"<magnitude> gram(s) per cubic centimetre"
2048,"g l-1",,"<magnitude> gram(s) per litre"
2080,"g cl-3",,"<magnitude> gram(s) per centilitre"
2112,"g dl-3",,"<magnitude> gram(s) per decilitre"
2144,"g ml-3",,"<magnitude> gram(s) per millilitre"
,,"T (time)",
2176,"s [ms, us, ns]",,"<magnitude> second"
2208,"min",,"minute"
2240,"h",,"hour"
2272,"d",,"day"
2304,"weeks",,"weeks"
2336,"mth",,"months"
2368,"y",,"year"
2400,"TOD",,"time of day - hh:mm:ss"
2432,"DATE",,"date - yyyy-mm-dd"
,,"T-1 (rate, frequency)",
2464,"s-1",,"per <magnitude> second"
2496,"Hz",,"hertz"
2528,"min-1",,"per minute"
2560,"h-1",,"per hour"
2592,"d-1",,"per day"
2624,"week-1",,"per week"
2656,"mth-1",,"per month"
2688,"y-1",,"per year"
2720,"bpm","- special vital signs rates","beat per minute"
2752,"puls min-1",,"puls per minute"
2784,"resp min-1",,"respirations per minute"
,,"LT-1  (velocity)",
2816,"m s-1",,"<magnitude> metre(s) per second"
,,"LT-1  (areic volume rate)",
2848,"l min-1 m-2",,"<magnitude> litre(s) per minute per square meter"
2848,"l/(min*m²)",,"<magnitude> litre(s) per minute per square meter"
2880,"m2 s-1 [cm2 s-1]",,"square <magnitude>  metre(s) per second"
,,"L3T-1  (volume flow rate)",
2912,"m3 s-1",,"cubic <magnitude> metre(s) per second"
2944,"m3 min-1",,"cubic <magnitude> metre(s) per minute"
2976,"m3 h-1",,"cubic <magnitude> metre(s) per hour"
3008,"m3 d-1",,"cubic <magnitude> metre(s) per day"
3040,"l s-1",,"<magnitude> litre(s) per second"
3072,"l min-1",,"<magnitude> litre(s) per minute"
3072,"l/min",,"<magnitude> litre(s) per minute"
3104,"l h-1",,"<magnitude> litre(s) per hour"
3136,"l d-1",,"<magnitude> litre(s) per day"
,,"L3M-1 (volume content)",
3168,"l kg-1",,"<magnitude> litre(s) per kilogram"
3200,"m3 kg-1",,"cubic <magnitude> metre(s) per kilogram"
,,"L2M-1T (permeability)",
3232,"m Pa-1s-1",,"<magnitude> meter per pascal second"
3264,"l min-1 mmHG-1",,"<magnitude> litre per min. per millimetre of mercury"
,,"MT-1 (mass flow rate)",
3296,"g s-1",,"<magnitude> gram(s) per second"
3328,"g m-1",,"<magnitude> gram(s) per minute"
3360,"g h-1",,"<magnitude> gram(s) per hour"
3392,"g d-1",,"<magnitude> gram(s) per day"
,,"MT-1M-1 (mass fraction rate, dosage)",
3424,"g kg-1 s-1",,"<magnitude> gram(s) per kilogram per second"
3456,"g kg-1 m-1",,"<magnitude> gram(s) per kilogram per minute"
3488,"g kg-1 h-1",,"<magnitude> gram(s) per kilogram per hour"
3520,"g kg-1 d-1",,"<magnitude> gram(s) per kilogram per day"
,,"L-3MT-1 (mass concentration rate)",
3552,"g l-1 s-1",,"<magnitude> gram (s) per litre per second"
3584,"g l-1 m-1",,"<magnitude> gram(s) per litre per minute"
3616,"g l-1 h-1",,"<magnitude> gram(s) per litre per hour"
3648,"g l-1 d-1",,"<magnitude> gram(s) per litre per day"
,,"L-1MT-1 (dynamic viscosity)",
3680,"g m-1 s-1",,"<magnitude> gram(s) per meter per second"
,,"LMT-1 (momentum, impulse)",
3712,"gm s-1",,"<magnitude> gram metre(s) per second"
3744,"Ns",,"<magnitude> newton second(s)"
,,"LMT-2 (force)",
3776,"N",,"<magnitude> newton"
3808,"dyn",,"<magnitude> dyne"
,,"L-1MT-2 (pressure)",
3840,"Pa",,"<magnitude> pascal"
3872,"mmHg",,"millimetre(s) of mercury"
3904,"cm H2O",,"centimetre of water"
3936,"bar",,"<magnitude> bar"
,,"L2MT-2 (energy)",
3968,"J [gf m]",,"<magnitude> joule(s), mass-force x distance"
4000,"eV",,"<magnitude> electronvolt(s)"
,,"L2MT-3 (power)",
4032,"W [gf m s-1]",,"<magnitude> watt(s), mass-force x velocity"
,,"L-4MT-1 (hydraulic impedance)",
4064,"Pa s m-3",,"<magnitude> pascal second per cubic meter"
4096,"Pa s l-1",,"<magnitude> pascal second per litre"
#4128,"dyn s cm-5",,"<magnitude> dyne second per cm5"
#4128,"dyne*s/cm^5",,"<magnitude> dyne second per cm5"
,,"L4M-1T2 (compliance)",
5888,"l (cmH2O)-1",,"<magnitude> litre per centimetre of water"
6272,"l (mmHg)-1",,"<magnitude> litre per millimetre of mercury"
6304,"l Pa-1",,"<magnitude> litre per pascal"
,,"L-44M1T-2 (elastance)",
6144,"cmH2O l-1",,"centimetre of water per <magnitude> litre"
6336,"mmHg l-1",,"millimetre of mercury per <magnitude> litre"
6368,"Pa l-1",,"pascal per <magnitude> litre"
,,"I (electrical current)",
4160,"A",,"<magnitude> ampere(s)"
,,"IT (electrical charge)",
4192,"C",,"<magnitude> coulomb(s)"
6080,"Ah",,"<magnitude> ampere(s) hour"
,,"IL-1 (magnetic field strength)",
4224,"A m-1",,"<magnitude> ampere(s) per metre"
,,"ML2I-1T-3 (electric potential)",
4256,"V",,"<magnitude> volt(s)"
,,"ML2I-2T-3 (electric resistance)",
4288,"Ohm",,"<magnitude> ohm(s)"
,,"ML3I-2T-3 (electrical resistivity)",
4320,"Wm",,"<magnitude> ohm metre(s)"
,,"I2T4M-1L-2 (electrical capacitance)",
4352,"F",,"<magnitude> farad(s)"
,,"Q(temperature)",
4384,"K",,"Kelvin"
6048,"°C",,"degree Celcius"
4416,"°F",,"degree Fahrenheit"
,,"QT3M-1L-2 (thermal resistance)",
4448,"K W-1",,"kelvin(s) per <magnitude> watt"
,,"J (luminous intensity)",
4480,"cd",,"<magnitude> candela(s)"
,,"N (amount of substance)",
4512,"osmole",,"<magnitude> osmole(s)"
4544,"mol",,"<magnitude> mole(s)"
4576,"eq",,"<magnitude> equivalent"
,,"NL-3 (concentration)",
4608,"osmol l-1",,"<magnitude> osmoles per litre"
4640,"mol cm-3",,"<magnitude> mole(s) per cubic centimetre"
4672,"mol m-3",,"<magnitude> mole(s) per cubic metre"
4704,"mol l-1",,"<magnitude> mole(s) per litre"
4736,"mol ml-1",,"<magnitude> mole(s) per millilitre"
4768,"eq cm-3",,"<magnitude> equivalents per cubic centimetre"
4800,"eq m-3",,"<magnitude> equivalents per cubic metre"
4832,"eq l-1",,"<magnitude> equivalents per litre"
4864,"eq ml-1",,"<magnitude> equivalents per millilitre"
,,"NM-1 (substance content)",
4896,"osmol  kg-1",,"<magnitude> osmoles per kilogram"
4928,"mol kg-1",,"<magnitude> mole(s) per kilogram"
,,"NT-1 (substance rate)",
4960,"mol s-1",,"<magnitude> mole(s) per second"
4992,"mol min-1",,"<magnitude> mole(s) per minute"
5024,"mol h-1",,"<magnitude> mole(s) per hour"
5056,"mol d-1",,"<magnitude> mole(s) per day"
5088,"eq s-1",,"<magnitude> equivalents per second"
5120,"eq min-1",,"<magnitude> equivalents per minute"
5152,"eq h-1",,"<magnitude> equivalents per hour"
5184,"eq d-1",,"<magnitude> equivalents per day"
,,"NT-1M-1 (subst. fraction rate, dosage)",
5216,"mol kg-1 s-1",,"<magnitude> mole(s) per kilogram per second"
5248,"mol kg-1 min-1",,"<magnitude> mole(s) per kilogram per minute"
5280,"mol kg-1 h-1",,"<magnitude> mole(s) per kilogram per hour"
5312,"mol kg-1 d-1",,"<magnitude> mole(s) per kilogram per day"
5344,"eq kg-1 s-1",,"<magnitude> equivalents per kilogram per second"
5376,"eq kg-1 min-1",,"<magnitude> equivalents per kilogram per minute"
5408,"eq kg-1 h-1",,"<magnitude> equivalents per kilogram per hour"
5440,"eq kg-1 d-1",,"<magnitude> equivalents per kilogram per day"
,,"International Unit",
5472,"i.u.",,"<magnitude> international unit"
5504,"i.u. cm-3","- concentration","<magnitude> international units per cubic centimetre"
5536,"i.u. m-3",,"<magnitude> international units per cubic meter"
5568,"i.u. l-1",,"<magnitude> international units per litre"
5600,"i.u. ml-1",,"<magnitude> international units per millilitre"
5632,"i.u. s-1","- mass flow rate","<magnitude> international units per second"
5664,"i.u. min-1",,"<magnitude> international units per minute"
5696,"i.u. h-1",,"<magnitude> international units per hour"
5728,"i.u. d-1",,"<magnitude> international units per day"
5760,"i.u. kg-1 s-1","- dosage","<magnitude> int. units per kilogram per second"
5792,"i.u. kg-1 min-1",,"<magnitude> int. units per kilogram per minute"
5824,"i.u. kg-1 h-1",,"<magnitude> int. units per kilogram per hour"
5856,"i.u. kg-1 d-1",,"<magnitude> int. units per kilogram per day"
,,"Units for Specific Measurements",
5920,"cmH2O l-1s-1","- Lung Resistance","centimetre of water per litre per second"
5952,"l2s-1","- HF Transport Coefficient","<magnitude> litre squared per second"
5984,"cmH2O %-1","- ratio of paO2 to FIO2","centimetre of water per percent"
6016,"dyne s m-2 cm-5","- Pulmonary/ Systemic Vascular Resistance Index","dyne seconds per square meter per centimetre to the power of 5"
6176,"mmHg %-1","- ratio of paO2 to FIO2","millimetre(s) of mercury per percent"
6208,"Pa %-1","- ratio of paO2 to FIO2","<magnitude> pascal per percent"
6432,"B", "Bel", "relative power decibel"
6624,"m s-2", "meter per second squared", "acceleration"
6624,"m/s²", "meter per second squared", "acceleration"
6656,"rad s2-2", "radians per second squared", "(angular) acceleration"
6688,"ft min-1",,"Foot per minute"
6720,"in min-1",,"Inch per minute"
### Amendment 1: 11073-10101a-2015 ###
7776,"<boolean>","boolean","Boolean"
7808,"dB(V)","","relative power decibel (<magnitude> Volt)"
7840,"dB(10V)","","relative power decibel (10 <magnitude> Volt)"
#7860,"dB(10nV)","","relative power decibel (10 nano Volt)"
7872,"dB(W)","","relative power decibel (10 nano Volt)"
7744,"g m-2","","gram per square <magnitude> m"
8032,"cm2","","square <magnitude> centimeter"
8064,"s-2","","per <magnitude> second squared"
8096,"rpm","","revolutions per minute"
# mass dose rate per body weight
8128,"drops min-1","","drops per minute"
6784,"g lb-1 min-1","","gram per pound per minute"
6752,"g lb-1 h-1","","gram per pound per hour"
# mass dose rate per body surface area
6848,"g m-2 min-1","","gram per square meter per minute"
6816,"g m-2 h-1","","gram per square meter per hour"
7168,"g m-2 d-1","","gram per square meter per day"
# Compliance per body weight
8160,"l cmH2O-1 kg-1","",""
8192,"Wb m-2",,"<magnitude> Tesla"
8192,"T",,"<magnitude> Tesla"
8224,"Vs","","Volt seconds"
8256,"V s-1","","Volt per second"
8256,"V/s","","Volt per second"
8288,"S","","Siemens (1/Ohm)"
7552,"mol m-2","","mole per square meter"
7584,"eq kg-1","","equivalents per kilogram"
7616,"eq m-2","","equivalents per square meter"
# mole dose rate per body surface area
7424,"mol m-2 s-1","","mole per square meter per second"
7456,"mol m-2 min-1","","mole per square meter per minute"
7488,"mol m-2 h-1","","mole per square meter per hour"
7520,"mol m-2 d-1","","mole per square meter per day"
# eq dose rate per body weight
7040,"eq lb-2 min-1","","equivalent per pound per minute"
7008,"eq lb-2 h-1","","equivalent per pound per hour"
# eq dose rate per body surface area
7104,"eq m-2 min-1","","equivalent per square meter per minute"
7072,"eq m-2 h-1","","equivalent per square meter per hour"
7136,"eq m-2 d-1","","equivalent per square meter per day"
# international units per ...
7680,"i.u. kg-1","","int. units per kilogram"
7712,"i.u. m-2","","int. units per square meter"
6912,"i.u. lb-1 min-1","","int. units per pound per minute"
10400,"i.u. lb-1 h-1","","int. units per pound per minute"
6880,"i.u. lb-1 d-1","","int. units per pound per minute"
7648,"i.u. m-2 s-1","","int. units per square meter per second"
6976,"i.u. m-2 min-1","","int. units per square meter per minute"
6944,"i.u. m-2 h-1","","int. units per square meter per hour"
7200,"i.u. m-2 d-1","","int. units per square meter per day"
8320,"dyne s m2 cm-5","Vascular Resistance Index","dyne seconds square meter per centimetre to the power of 5"
8352,"cal","thermal calories","calories (thermal)"
8384,"nutr cal","nutritional calories","calories (thermal)"
8416,"cal d-1","thermal calories per day","calories (thermal) per day"
# flow rate per body weight
7264,"L kg-1 min-1","","liters per kilogram per minute"
7232,"L kg-1 h-1","","liters per kilogram per hours"
7296,"L kg-1 d-1","","liters per kilogram per day"
# flow rate per surface area
7328,"L m-2 min-1","","liters per square meter per minute"
7360,"L m-2 h-1","","liters per square meter per hours"
7392,"L m-2 d-1","","liters per square meter per day"
8448,"J/breath","","Joule per breath"
8480,"J/L","","Joule per liter"
10528,"J/mL","","Joule per milliliter"
10496,"J/day","","Joule per day"
8480,"J/L","","Joule per liter"
8512,"dyn s cm-5",,"<magnitude> dyne second per cm5"
8512,"dyne s cm-5",,"<magnitude> dyne second per cm5"
8544,"PRU","Vascular resistance (peripheral resistance unit)","mmHg per milliliter per second"
8576,"WU","Vascular resistance (Woods unit, pediatric)","mmHg per liter per minute"
8608,"b","Bit","bit"
8640,"B","Byte (8 bits)","byte"
8672,"drops/L","Volume concentration","drops per liter"
8704,"breaths/min/L","Shallow breathing index","breaths per minute per liter"
8736,"breaths^2/min/L","Shallow breathing index (breaths squared)","number of breaths squared per minute per liter"
8768,"L/min/kg","","number of breaths per minute per body weight"
8800,"sat-sec","Oxygen saturation seconds","sat % seconds"
8832,"m/V","millimetes per millivolt (display gain)","meters per Volt"
8864,"gf m","cardiac stroke work","gramforce meter"
8896,"gf m L-1","cardiac stroke work per liter","gramforce meter per liter"
8928,"gf m m-2","cardiac stroke work per square meter","gramforce meter per square meter"
8960,"cal kg-1","","calories (thermal) per kilogram"
8992,"cal kg-1 d-1","","calories (thermal) per kilogram per day"
9024,"cal mL-1","","calories (thermal) per milliliter"
# arbitrary units
9056,"arb.u","","arbitrary units"
9088,"arb.u cm-3","","arbitrary units per cubic centimeter"
9120,"arb.u m-3","","arbitrary units per cubic meter"
9152,"arb.u l-1","","arbitrary units per liter"
9184,"arb.u ml-1","","arbitrary units per milliliter"
9216,"arb.u s-1","","arbitrary units per second"
9248,"arb.u min-1","","arbitrary units per minute"
9280,"arb.u h-1","","arbitrary units per hour"
9312,"arb.u d-1","","arbitrary units per day"
9344,"arb.u kg-1","","arbitrary units per kilogram"
9376,"arb.u m-2","","arbitrary units per square meter"
9408,"arb.u kg-1 s-1","","arbitrary units per kilogram per second"
9440,"arb.u kg-1 min-1","","arbitrary units per kilogram per minute"
9472,"arb.u kg-1 h-1","","arbitrary units per kilogram per hour"
9504,"arb.u kg-1 d-1","","arbitrary units per kilogram per day"
9536,"arb.u lb-1 min-1","","arbitrary units per pound per minute"
10432,"arb.u lb-1 h-1","","arbitrary units per pound per hour"
9568,"arb.u lb-1 d-1","","arbitrary units per pound per day"
9600,"arb.u m-2 s-1","","arbitrary units per square meter per second"
9632,"arb.u m-2 min-1","","arbitrary units per square meter per minute"
9664,"arb.u m-2 h-1","","arbitrary units per square meter per hour"
9696,"arb.u m-2 d-1","","arbitrary units per square meter per day"
# USP units
9728,"USP.u","","USP units"
9760,"USP.u cm-3","","USP units per cubic centimeter"
9792,"USP.u m-3","","USP units per cubic meter"
9824,"USP.u l-1","","USP units per liter"
9856,"USP.u ml-1","","USP units per milliliter"
9888,"USP.u s-1","","USP units per second"
9920,"USP.u min-1","","USP units per minute"
9952,"USP.u h-1","","USP units per hour"
9984,"USP.u d-1","","USP units per day"
10016,"USP.u kg-1","","USP units per kilogram"
10048,"USP.u m-2","","USP units per square meter"
10080,"USP.u kg-1 s-1","","USP units per kilogram per second"
10112,"USP.u kg-1 min-1","","USP units per kilogram per minute"
10144,"USP.u kg-1 h-1","","USP units per kilogram per hour"
10176,"USP.u kg-1 d-1","","USP units per kilogram per day"
10208,"USP.u lb-1 min-1","","USP units per pound per minute"
10464,"USP.u lb-1 h-1","","USP units per pound per hour"
10240,"USP.u lb-1 d-1","","USP units per pound per day"
10272,"USP.u m-2 s-1","","USP units per square meter per second"
10304,"USP.u m-2 min-1","","USP units per square meter per minute"
10336,"USP.u m-2 h-1","","USP units per square meter per hour"
10368,"USP.u m-2 d-1","","USP units per square meter per day"
#
10560,"vol % L-1","","volume percent per liter"
10592,"Pa L-1","elastance","Pascal per liter"
10624,"Pa mL-1","elastance","Pascal per milliliter"
10656,"bar L-1","elastance","Bar per liter"
10688,"bar L-1 10-1","elastance","Bar per 10 liter "
10720,"bar mL-1","elastance","Bar per milliliter"
10752,"bar s L-1","resistance","Bar second per liter"
10784,"bar s L-1 10-1","resistance","Bar second per 10 liter "
10816,"L hPa-1","compliance","Liter per hectoPascal"
10848,"L bar-1","compliance","Liter per bar"
10880,"L mbar-1","compliance","Liter per millibar"
10912,"J/L/s","work of breating per liter per time unit","Joule per liter per second"
10944,"mmHg min-1","rate of pressure change","millimeter mercury per minute"
10976,"mmHg s-1","rate of pressure change","millimeter mercury per second"
11008,"bar s-1","rate of pressure change","bar per second"
11040,"cmH2O min-1","rate of pressure change","centimeter water per minute"
11072,"% per 1/2 h","relative rate of change","percent per half hour"
11104,"L beat-1 m-2","cardiac stroke per body surface area","liter per beat per square meter"
11136,"V cm-1","electric field strength","Volt per centimeter"
11168,"W cm-2 mm-1","irradiance","Watt per square centimeter per millimeter"
11200,"cmH2O uV-1","pressure of voltage calibration","centimeter water per microvolt"
### private: units with no standardized code
#,"kgf m [J]",,Left Stroke Work (LSW)
#,"kgf m min-1 [W]",,Left Cardiac Work (LCW)
65088,"mph","velocity","velocity miles per hour"
65120,"Nm","momentum","newton meter"
65152,"V/s",,"",,#obsolete#
65184,"m/m",,""
65216,"km/h",,"velocity kilometer per hour"
65248,"g s-2 [J m-2, gf m-1]",,"Left Stroke Work Index (LSWI)"
65280,"g s-3 [W m-2, gf m-1 s-1]",,"Indexed Left Cardiac Work (LCWI)"
65312,"mHg s-1","","",#obsolete#
65344,"mol l-1 mm","change in blood chromophore concentration per effective optical path length","milli(Mol/Liter)*millimeter"
65376,"r.p.m",,"rotations per minute",#obsolete#
65408,"B", "Bel", "relative power decibel",#obsolete#
65440,"dyne s m2 cm-5","Vascular Resistance Index","dyne seconds square meter per centimetre to the power of 5",#obsolete#
65440,"dyne*s*m²/cm^5","Vascular Resistance Index","dyne seconds square meter per centimetre to the power of 5",#obsolete#
65472,"l m-2","stroke index","litres per square meter"
65472,"l/m²","stroke index","litres per square meter"
65504,"T",,"<magnitude> Tesla",#obsolete#
#
#
